{
    "loss": 31.026460647583008,
    "accuracy": 0.7254902124404907
}